,Дата,Ставка
0,08.04.2024,16.0
1,05.04.2024,16.0
2,04.04.2024,16.0
3,03.04.2024,16.0
4,02.04.2024,16.0
5,01.04.2024,16.0
6,29.03.2024,16.0
7,28.03.2024,16.0
8,27.03.2024,16.0
9,26.03.2024,16.0
10,25.03.2024,16.0
11,22.03.2024,16.0
12,21.03.2024,16.0
13,20.03.2024,16.0
14,19.03.2024,16.0
15,18.03.2024,16.0
16,15.03.2024,16.0
17,14.03.2024,16.0
18,13.03.2024,16.0
19,12.03.2024,16.0
20,11.03.2024,16.0
21,07.03.2024,16.0
22,06.03.2024,16.0
23,05.03.2024,16.0
24,04.03.2024,16.0
25,01.03.2024,16.0
26,29.02.2024,16.0
27,28.02.2024,16.0
28,27.02.2024,16.0
29,26.02.2024,16.0
30,22.02.2024,16.0
31,21.02.2024,16.0
32,20.02.2024,16.0
33,19.02.2024,16.0
34,16.02.2024,16.0
35,15.02.2024,16.0
36,14.02.2024,16.0
37,13.02.2024,16.0
38,12.02.2024,16.0
39,09.02.2024,16.0
40,08.02.2024,16.0
41,07.02.2024,16.0
42,06.02.2024,16.0
43,05.02.2024,16.0
44,02.02.2024,16.0
45,01.02.2024,16.0
46,31.01.2024,16.0
47,30.01.2024,16.0
48,29.01.2024,16.0
49,26.01.2024,16.0
50,25.01.2024,16.0
51,24.01.2024,16.0
52,23.01.2024,16.0
53,22.01.2024,16.0
54,19.01.2024,16.0
55,18.01.2024,16.0
56,17.01.2024,16.0
57,16.01.2024,16.0
58,15.01.2024,16.0
59,12.01.2024,16.0
60,11.01.2024,16.0
61,10.01.2024,16.0
62,09.01.2024,16.0
63,08.01.2024,16.0
64,05.01.2024,16.0
65,04.01.2024,16.0
66,03.01.2024,16.0
67,29.12.2023,16.0
68,28.12.2023,16.0
69,27.12.2023,16.0
70,26.12.2023,16.0
71,25.12.2023,16.0
72,22.12.2023,16.0
73,21.12.2023,16.0
74,20.12.2023,16.0
75,19.12.2023,16.0
76,18.12.2023,16.0
77,15.12.2023,15.0
78,14.12.2023,15.0
79,13.12.2023,15.0
80,12.12.2023,15.0
81,11.12.2023,15.0
82,08.12.2023,15.0
83,07.12.2023,15.0
84,06.12.2023,15.0
85,05.12.2023,15.0
86,04.12.2023,15.0
87,01.12.2023,15.0
88,30.11.2023,15.0
89,29.11.2023,15.0
90,28.11.2023,15.0
91,27.11.2023,15.0
92,24.11.2023,15.0
93,23.11.2023,15.0
94,22.11.2023,15.0
95,21.11.2023,15.0
96,20.11.2023,15.0
97,17.11.2023,15.0
98,16.11.2023,15.0
99,15.11.2023,15.0
100,14.11.2023,15.0
101,13.11.2023,15.0
102,10.11.2023,15.0
103,09.11.2023,15.0
104,08.11.2023,15.0
105,07.11.2023,15.0
106,06.11.2023,15.0
107,03.11.2023,15.0
108,02.11.2023,15.0
109,01.11.2023,15.0
110,31.10.2023,15.0
111,30.10.2023,15.0
112,27.10.2023,13.0
113,26.10.2023,13.0
114,25.10.2023,13.0
115,24.10.2023,13.0
116,23.10.2023,13.0
117,20.10.2023,13.0
118,19.10.2023,13.0
119,18.10.2023,13.0
120,17.10.2023,13.0
121,16.10.2023,13.0
122,13.10.2023,13.0
123,12.10.2023,13.0
124,11.10.2023,13.0
125,10.10.2023,13.0
126,09.10.2023,13.0
127,06.10.2023,13.0
128,05.10.2023,13.0
129,04.10.2023,13.0
130,03.10.2023,13.0
131,02.10.2023,13.0
132,29.09.2023,13.0
133,28.09.2023,13.0
134,27.09.2023,13.0
135,26.09.2023,13.0
136,25.09.2023,13.0
137,22.09.2023,13.0
138,21.09.2023,13.0
139,20.09.2023,13.0
140,19.09.2023,13.0
141,18.09.2023,13.0
142,15.09.2023,12.0
143,14.09.2023,12.0
144,13.09.2023,12.0
145,12.09.2023,12.0
146,11.09.2023,12.0
147,08.09.2023,12.0
148,07.09.2023,12.0
149,06.09.2023,12.0
150,05.09.2023,12.0
151,04.09.2023,12.0
152,01.09.2023,12.0
153,31.08.2023,12.0
154,30.08.2023,12.0
155,29.08.2023,12.0
156,28.08.2023,12.0
157,25.08.2023,12.0
158,24.08.2023,12.0
159,23.08.2023,12.0
160,22.08.2023,12.0
161,21.08.2023,12.0
162,18.08.2023,12.0
163,17.08.2023,12.0
164,16.08.2023,12.0
165,15.08.2023,12.0
166,14.08.2023,8.5
167,11.08.2023,8.5
168,10.08.2023,8.5
169,09.08.2023,8.5
170,08.08.2023,8.5
171,07.08.2023,8.5
172,04.08.2023,8.5
173,03.08.2023,8.5
174,02.08.2023,8.5
175,01.08.2023,8.5
176,31.07.2023,8.5
177,28.07.2023,8.5
178,27.07.2023,8.5
179,26.07.2023,8.5
180,25.07.2023,8.5
181,24.07.2023,8.5
182,21.07.2023,7.5
183,20.07.2023,7.5
184,19.07.2023,7.5
185,18.07.2023,7.5
186,17.07.2023,7.5
187,14.07.2023,7.5
188,13.07.2023,7.5
189,12.07.2023,7.5
190,11.07.2023,7.5
191,10.07.2023,7.5
192,07.07.2023,7.5
193,06.07.2023,7.5
194,05.07.2023,7.5
195,04.07.2023,7.5
196,03.07.2023,7.5
197,30.06.2023,7.5
198,29.06.2023,7.5
199,28.06.2023,7.5
200,27.06.2023,7.5
201,26.06.2023,7.5
202,23.06.2023,7.5
203,22.06.2023,7.5
204,21.06.2023,7.5
205,20.06.2023,7.5
206,19.06.2023,7.5
207,16.06.2023,7.5
208,15.06.2023,7.5
209,14.06.2023,7.5
210,13.06.2023,7.5
211,09.06.2023,7.5
212,08.06.2023,7.5
213,07.06.2023,7.5
214,06.06.2023,7.5
215,05.06.2023,7.5
216,02.06.2023,7.5
217,01.06.2023,7.5
218,31.05.2023,7.5
219,30.05.2023,7.5
220,29.05.2023,7.5
221,26.05.2023,7.5
222,25.05.2023,7.5
223,24.05.2023,7.5
224,23.05.2023,7.5
225,22.05.2023,7.5
226,19.05.2023,7.5
227,18.05.2023,7.5
228,17.05.2023,7.5
229,16.05.2023,7.5
230,15.05.2023,7.5
231,12.05.2023,7.5
232,11.05.2023,7.5
233,10.05.2023,7.5
234,08.05.2023,7.5
235,05.05.2023,7.5
236,04.05.2023,7.5
237,03.05.2023,7.5
238,02.05.2023,7.5
239,28.04.2023,7.5
240,27.04.2023,7.5
241,26.04.2023,7.5
242,25.04.2023,7.5
243,24.04.2023,7.5
244,21.04.2023,7.5
245,20.04.2023,7.5
246,19.04.2023,7.5
247,18.04.2023,7.5
248,17.04.2023,7.5
249,14.04.2023,7.5
250,13.04.2023,7.5
251,12.04.2023,7.5
252,11.04.2023,7.5
253,10.04.2023,7.5
254,07.04.2023,7.5
255,06.04.2023,7.5
256,05.04.2023,7.5
257,04.04.2023,7.5
258,03.04.2023,7.5
259,31.03.2023,7.5
260,30.03.2023,7.5
261,29.03.2023,7.5
262,28.03.2023,7.5
263,27.03.2023,7.5
264,24.03.2023,7.5
265,23.03.2023,7.5
266,22.03.2023,7.5
267,21.03.2023,7.5
268,20.03.2023,7.5
269,17.03.2023,7.5
270,16.03.2023,7.5
271,15.03.2023,7.5
272,14.03.2023,7.5
273,13.03.2023,7.5
274,10.03.2023,7.5
275,09.03.2023,7.5
276,07.03.2023,7.5
277,06.03.2023,7.5
278,03.03.2023,7.5
279,02.03.2023,7.5
280,01.03.2023,7.5
281,28.02.2023,7.5
282,27.02.2023,7.5
283,24.02.2023,7.5
284,22.02.2023,7.5
285,21.02.2023,7.5
286,20.02.2023,7.5
287,17.02.2023,7.5
288,16.02.2023,7.5
289,15.02.2023,7.5
290,14.02.2023,7.5
291,13.02.2023,7.5
292,10.02.2023,7.5
293,09.02.2023,7.5
294,08.02.2023,7.5
295,07.02.2023,7.5
296,06.02.2023,7.5
297,03.02.2023,7.5
298,02.02.2023,7.5
299,01.02.2023,7.5
300,31.01.2023,7.5
301,30.01.2023,7.5
302,27.01.2023,7.5
303,26.01.2023,7.5
304,25.01.2023,7.5
305,24.01.2023,7.5
306,23.01.2023,7.5
307,20.01.2023,7.5
308,19.01.2023,7.5
309,18.01.2023,7.5
310,17.01.2023,7.5
311,16.01.2023,7.5
312,13.01.2023,7.5
313,12.01.2023,7.5
314,11.01.2023,7.5
315,10.01.2023,7.5
316,09.01.2023,7.5
317,06.01.2023,7.5
318,05.01.2023,7.5
319,04.01.2023,7.5
320,03.01.2023,7.5
321,30.12.2022,7.5
322,29.12.2022,7.5
323,28.12.2022,7.5
324,27.12.2022,7.5
325,26.12.2022,7.5
326,23.12.2022,7.5
327,22.12.2022,7.5
328,21.12.2022,7.5
329,20.12.2022,7.5
330,19.12.2022,7.5
331,16.12.2022,7.5
332,15.12.2022,7.5
333,14.12.2022,7.5
334,13.12.2022,7.5
335,12.12.2022,7.5
336,09.12.2022,7.5
337,08.12.2022,7.5
338,07.12.2022,7.5
339,06.12.2022,7.5
340,05.12.2022,7.5
341,02.12.2022,7.5
342,01.12.2022,7.5
343,30.11.2022,7.5
344,29.11.2022,7.5
345,28.11.2022,7.5
346,25.11.2022,7.5
347,24.11.2022,7.5
348,23.11.2022,7.5
349,22.11.2022,7.5
350,21.11.2022,7.5
351,18.11.2022,7.5
352,17.11.2022,7.5
353,16.11.2022,7.5
354,15.11.2022,7.5
355,14.11.2022,7.5
356,11.11.2022,7.5
357,10.11.2022,7.5
358,09.11.2022,7.5
359,08.11.2022,7.5
360,07.11.2022,7.5
361,03.11.2022,7.5
362,02.11.2022,7.5
363,01.11.2022,7.5
364,31.10.2022,7.5
365,28.10.2022,7.5
366,27.10.2022,7.5
367,26.10.2022,7.5
368,25.10.2022,7.5
369,24.10.2022,7.5
370,21.10.2022,7.5
371,20.10.2022,7.5
372,19.10.2022,7.5
373,18.10.2022,7.5
374,17.10.2022,7.5
375,14.10.2022,7.5
376,13.10.2022,7.5
377,12.10.2022,7.5
378,11.10.2022,7.5
379,10.10.2022,7.5
380,07.10.2022,7.5
381,06.10.2022,7.5
382,05.10.2022,7.5
383,04.10.2022,7.5
384,03.10.2022,7.5
385,30.09.2022,7.5
386,29.09.2022,7.5
387,28.09.2022,7.5
388,27.09.2022,7.5
389,26.09.2022,7.5
390,23.09.2022,7.5
391,22.09.2022,7.5
392,21.09.2022,7.5
393,20.09.2022,7.5
394,19.09.2022,7.5
395,16.09.2022,8.0
396,15.09.2022,8.0
397,14.09.2022,8.0
398,13.09.2022,8.0
399,12.09.2022,8.0
400,09.09.2022,8.0
401,08.09.2022,8.0
402,07.09.2022,8.0
403,06.09.2022,8.0
404,05.09.2022,8.0
405,02.09.2022,8.0
406,01.09.2022,8.0
407,31.08.2022,8.0
408,30.08.2022,8.0
409,29.08.2022,8.0
410,26.08.2022,8.0
411,25.08.2022,8.0
412,24.08.2022,8.0
413,23.08.2022,8.0
414,22.08.2022,8.0
415,19.08.2022,8.0
416,18.08.2022,8.0
417,17.08.2022,8.0
418,16.08.2022,8.0
419,15.08.2022,8.0
420,12.08.2022,8.0
421,11.08.2022,8.0
422,10.08.2022,8.0
423,09.08.2022,8.0
424,08.08.2022,8.0
425,05.08.2022,8.0
426,04.08.2022,8.0
427,03.08.2022,8.0
428,02.08.2022,8.0
429,01.08.2022,8.0
430,29.07.2022,8.0
431,28.07.2022,8.0
432,27.07.2022,8.0
433,26.07.2022,8.0
434,25.07.2022,8.0
435,22.07.2022,9.5
436,21.07.2022,9.5
437,20.07.2022,9.5
438,19.07.2022,9.5
439,18.07.2022,9.5
440,15.07.2022,9.5
441,14.07.2022,9.5
442,13.07.2022,9.5
443,12.07.2022,9.5
444,11.07.2022,9.5
445,08.07.2022,9.5
446,07.07.2022,9.5
447,06.07.2022,9.5
448,05.07.2022,9.5
449,04.07.2022,9.5
450,01.07.2022,9.5
451,30.06.2022,9.5
452,29.06.2022,9.5
453,28.06.2022,9.5
454,27.06.2022,9.5
455,24.06.2022,9.5
456,23.06.2022,9.5
457,22.06.2022,9.5
458,21.06.2022,9.5
459,20.06.2022,9.5
460,17.06.2022,9.5
461,16.06.2022,9.5
462,15.06.2022,9.5
463,14.06.2022,9.5
464,10.06.2022,11.0
465,09.06.2022,11.0
466,08.06.2022,11.0
467,07.06.2022,11.0
468,06.06.2022,11.0
469,03.06.2022,11.0
470,02.06.2022,11.0
471,01.06.2022,11.0
472,31.05.2022,11.0
473,30.05.2022,11.0
474,27.05.2022,11.0
475,26.05.2022,14.0
476,25.05.2022,14.0
477,24.05.2022,14.0
478,23.05.2022,14.0
479,20.05.2022,14.0
480,19.05.2022,14.0
481,18.05.2022,14.0
482,17.05.2022,14.0
483,16.05.2022,14.0
484,13.05.2022,14.0
485,12.05.2022,14.0
486,11.05.2022,14.0
487,06.05.2022,14.0
488,05.05.2022,14.0
489,04.05.2022,14.0
490,29.04.2022,17.0
491,28.04.2022,17.0
492,27.04.2022,17.0
493,26.04.2022,17.0
494,25.04.2022,17.0
495,22.04.2022,17.0
496,21.04.2022,17.0
497,20.04.2022,17.0
498,19.04.2022,17.0
499,18.04.2022,17.0
500,15.04.2022,17.0
501,14.04.2022,17.0
502,13.04.2022,17.0
503,12.04.2022,17.0
504,11.04.2022,17.0
505,08.04.2022,20.0
506,07.04.2022,20.0
507,06.04.2022,20.0
508,05.04.2022,20.0
509,04.04.2022,20.0
510,01.04.2022,20.0
511,31.03.2022,20.0
512,30.03.2022,20.0
513,29.03.2022,20.0
514,28.03.2022,20.0
515,25.03.2022,20.0
516,24.03.2022,20.0
517,23.03.2022,20.0
518,22.03.2022,20.0
519,21.03.2022,20.0
520,18.03.2022,20.0
521,17.03.2022,20.0
522,16.03.2022,20.0
523,15.03.2022,20.0
524,14.03.2022,20.0
525,11.03.2022,20.0
526,10.03.2022,20.0
527,09.03.2022,20.0
528,05.03.2022,20.0
529,04.03.2022,20.0
530,03.03.2022,20.0
531,02.03.2022,20.0
532,01.03.2022,20.0
533,28.02.2022,20.0
534,25.02.2022,9.5
535,24.02.2022,9.5
536,23.02.2022,9.5
537,22.02.2022,9.5
538,21.02.2022,9.5
539,18.02.2022,9.5
540,17.02.2022,9.5
541,16.02.2022,9.5
542,15.02.2022,9.5
543,14.02.2022,9.5
544,11.02.2022,8.5
545,10.02.2022,8.5
546,09.02.2022,8.5
547,08.02.2022,8.5
548,07.02.2022,8.5
549,04.02.2022,8.5
550,03.02.2022,8.5
551,02.02.2022,8.5
552,01.02.2022,8.5
553,31.01.2022,8.5
554,28.01.2022,8.5
555,27.01.2022,8.5
556,26.01.2022,8.5
557,25.01.2022,8.5
558,24.01.2022,8.5
559,21.01.2022,8.5
560,20.01.2022,8.5
561,19.01.2022,8.5
562,18.01.2022,8.5
563,17.01.2022,8.5
564,14.01.2022,8.5
565,13.01.2022,8.5
566,12.01.2022,8.5
567,11.01.2022,8.5
568,10.01.2022,8.5
569,06.01.2022,8.5
570,05.01.2022,8.5
571,04.01.2022,8.5
572,03.01.2022,8.5
573,30.12.2021,8.5
574,29.12.2021,8.5
575,28.12.2021,8.5
576,27.12.2021,8.5
577,24.12.2021,8.5
578,23.12.2021,8.5
579,22.12.2021,8.5
580,21.12.2021,8.5
581,20.12.2021,8.5
582,17.12.2021,7.5
583,16.12.2021,7.5
584,15.12.2021,7.5
585,14.12.2021,7.5
586,13.12.2021,7.5
587,10.12.2021,7.5
588,09.12.2021,7.5
589,08.12.2021,7.5
590,07.12.2021,7.5
591,06.12.2021,7.5
592,03.12.2021,7.5
593,02.12.2021,7.5
594,01.12.2021,7.5
595,30.11.2021,7.5
596,29.11.2021,7.5
597,26.11.2021,7.5
598,25.11.2021,7.5
599,24.11.2021,7.5
600,23.11.2021,7.5
601,22.11.2021,7.5
602,19.11.2021,7.5
603,18.11.2021,7.5
604,17.11.2021,7.5
605,16.11.2021,7.5
606,15.11.2021,7.5
607,12.11.2021,7.5
608,11.11.2021,7.5
609,10.11.2021,7.5
610,09.11.2021,7.5
611,08.11.2021,7.5
612,05.11.2021,7.5
613,03.11.2021,7.5
614,02.11.2021,7.5
615,01.11.2021,7.5
616,29.10.2021,7.5
617,28.10.2021,7.5
618,27.10.2021,7.5
619,26.10.2021,7.5
620,25.10.2021,7.5
621,22.10.2021,6.75
622,21.10.2021,6.75
623,20.10.2021,6.75
624,19.10.2021,6.75
625,18.10.2021,6.75
626,15.10.2021,6.75
627,14.10.2021,6.75
628,13.10.2021,6.75
629,12.10.2021,6.75
630,11.10.2021,6.75
631,08.10.2021,6.75
632,07.10.2021,6.75
633,06.10.2021,6.75
634,05.10.2021,6.75
635,04.10.2021,6.75
636,01.10.2021,6.75
637,30.09.2021,6.75
638,29.09.2021,6.75
639,28.09.2021,6.75
640,27.09.2021,6.75
641,24.09.2021,6.75
642,23.09.2021,6.75
643,22.09.2021,6.75
644,21.09.2021,6.75
645,20.09.2021,6.75
646,17.09.2021,6.75
647,16.09.2021,6.75
648,15.09.2021,6.75
649,14.09.2021,6.75
650,13.09.2021,6.75
651,10.09.2021,6.5
652,09.09.2021,6.5
653,08.09.2021,6.5
654,07.09.2021,6.5
655,06.09.2021,6.5
656,03.09.2021,6.5
657,02.09.2021,6.5
658,01.09.2021,6.5
659,31.08.2021,6.5
660,30.08.2021,6.5
661,27.08.2021,6.5
662,26.08.2021,6.5
663,25.08.2021,6.5
664,24.08.2021,6.5
665,23.08.2021,6.5
666,20.08.2021,6.5
667,19.08.2021,6.5
668,18.08.2021,6.5
669,17.08.2021,6.5
670,16.08.2021,6.5
671,13.08.2021,6.5
672,12.08.2021,6.5
673,11.08.2021,6.5
674,10.08.2021,6.5
675,09.08.2021,6.5
676,06.08.2021,6.5
677,05.08.2021,6.5
678,04.08.2021,6.5
679,03.08.2021,6.5
680,02.08.2021,6.5
681,30.07.2021,6.5
682,29.07.2021,6.5
683,28.07.2021,6.5
684,27.07.2021,6.5
685,26.07.2021,6.5
686,23.07.2021,5.5
687,22.07.2021,5.5
688,21.07.2021,5.5
689,20.07.2021,5.5
690,19.07.2021,5.5
691,16.07.2021,5.5
692,15.07.2021,5.5
693,14.07.2021,5.5
694,13.07.2021,5.5
695,12.07.2021,5.5
696,09.07.2021,5.5
697,08.07.2021,5.5
698,07.07.2021,5.5
699,06.07.2021,5.5
700,05.07.2021,5.5
701,02.07.2021,5.5
702,01.07.2021,5.5
703,30.06.2021,5.5
704,29.06.2021,5.5
705,28.06.2021,5.5
706,25.06.2021,5.5
707,24.06.2021,5.5
708,23.06.2021,5.5
709,22.06.2021,5.5
710,21.06.2021,5.5
711,18.06.2021,5.5
712,17.06.2021,5.5
713,16.06.2021,5.5
714,15.06.2021,5.5
715,14.06.2021,5.0
716,11.06.2021,5.0
717,10.06.2021,5.0
718,09.06.2021,5.0
719,08.06.2021,5.0
720,07.06.2021,5.0
721,04.06.2021,5.0
722,03.06.2021,5.0
723,02.06.2021,5.0
724,01.06.2021,5.0
725,31.05.2021,5.0
726,28.05.2021,5.0
727,27.05.2021,5.0
728,26.05.2021,5.0
729,25.05.2021,5.0
730,24.05.2021,5.0
731,21.05.2021,5.0
732,20.05.2021,5.0
733,19.05.2021,5.0
734,18.05.2021,5.0
735,17.05.2021,5.0
736,14.05.2021,5.0
737,13.05.2021,5.0
738,12.05.2021,5.0
739,11.05.2021,5.0
740,07.05.2021,5.0
741,06.05.2021,5.0
742,05.05.2021,5.0
743,04.05.2021,5.0
744,30.04.2021,5.0
745,29.04.2021,5.0
746,28.04.2021,5.0
747,27.04.2021,5.0
748,26.04.2021,5.0
749,23.04.2021,4.5
750,22.04.2021,4.5
751,21.04.2021,4.5
752,20.04.2021,4.5
753,19.04.2021,4.5
754,16.04.2021,4.5
755,15.04.2021,4.5
756,14.04.2021,4.5
757,13.04.2021,4.5
758,12.04.2021,4.5
759,09.04.2021,4.5
760,08.04.2021,4.5
761,07.04.2021,4.5
762,06.04.2021,4.5
763,05.04.2021,4.5
764,02.04.2021,4.5
765,01.04.2021,4.5
766,31.03.2021,4.5
767,30.03.2021,4.5
768,29.03.2021,4.5
769,26.03.2021,4.5
770,25.03.2021,4.5
771,24.03.2021,4.5
772,23.03.2021,4.5
773,22.03.2021,4.5
774,19.03.2021,4.25
775,18.03.2021,4.25
776,17.03.2021,4.25
777,16.03.2021,4.25
778,15.03.2021,4.25
779,12.03.2021,4.25
780,11.03.2021,4.25
781,10.03.2021,4.25
782,09.03.2021,4.25
783,05.03.2021,4.25
784,04.03.2021,4.25
785,03.03.2021,4.25
786,02.03.2021,4.25
787,01.03.2021,4.25
788,26.02.2021,4.25
789,25.02.2021,4.25
790,24.02.2021,4.25
791,22.02.2021,4.25
792,20.02.2021,4.25
793,19.02.2021,4.25
794,18.02.2021,4.25
795,17.02.2021,4.25
796,16.02.2021,4.25
797,15.02.2021,4.25
798,12.02.2021,4.25
799,11.02.2021,4.25
800,10.02.2021,4.25
801,09.02.2021,4.25
802,08.02.2021,4.25
803,05.02.2021,4.25
804,04.02.2021,4.25
805,03.02.2021,4.25
806,02.02.2021,4.25
807,01.02.2021,4.25
808,29.01.2021,4.25
809,28.01.2021,4.25
810,27.01.2021,4.25
811,26.01.2021,4.25
812,25.01.2021,4.25
813,22.01.2021,4.25
814,21.01.2021,4.25
815,20.01.2021,4.25
816,19.01.2021,4.25
817,18.01.2021,4.25
818,15.01.2021,4.25
819,14.01.2021,4.25
820,13.01.2021,4.25
821,12.01.2021,4.25
822,11.01.2021,4.25
823,08.01.2021,4.25
824,06.01.2021,4.25
825,05.01.2021,4.25
826,04.01.2021,4.25
827,31.12.2020,4.25
828,30.12.2020,4.25
829,29.12.2020,4.25
830,28.12.2020,4.25
831,25.12.2020,4.25
832,24.12.2020,4.25
833,23.12.2020,4.25
834,22.12.2020,4.25
835,21.12.2020,4.25
836,18.12.2020,4.25
837,17.12.2020,4.25
838,16.12.2020,4.25
839,15.12.2020,4.25
840,14.12.2020,4.25
841,11.12.2020,4.25
842,10.12.2020,4.25
843,09.12.2020,4.25
844,08.12.2020,4.25
845,07.12.2020,4.25
846,04.12.2020,4.25
847,03.12.2020,4.25
848,02.12.2020,4.25
849,01.12.2020,4.25
850,30.11.2020,4.25
851,27.11.2020,4.25
852,26.11.2020,4.25
853,25.11.2020,4.25
854,24.11.2020,4.25
855,23.11.2020,4.25
856,20.11.2020,4.25
857,19.11.2020,4.25
858,18.11.2020,4.25
859,17.11.2020,4.25
860,16.11.2020,4.25
861,13.11.2020,4.25
862,12.11.2020,4.25
863,11.11.2020,4.25
864,10.11.2020,4.25
865,09.11.2020,4.25
866,06.11.2020,4.25
867,05.11.2020,4.25
868,03.11.2020,4.25
869,02.11.2020,4.25
870,30.10.2020,4.25
871,29.10.2020,4.25
872,28.10.2020,4.25
873,27.10.2020,4.25
874,26.10.2020,4.25
875,23.10.2020,4.25
876,22.10.2020,4.25
877,21.10.2020,4.25
878,20.10.2020,4.25
879,19.10.2020,4.25
880,16.10.2020,4.25
881,15.10.2020,4.25
882,14.10.2020,4.25
883,13.10.2020,4.25
884,12.10.2020,4.25
885,09.10.2020,4.25
886,08.10.2020,4.25
887,07.10.2020,4.25
888,06.10.2020,4.25
889,05.10.2020,4.25
890,02.10.2020,4.25
891,01.10.2020,4.25
892,30.09.2020,4.25
893,29.09.2020,4.25
894,28.09.2020,4.25
895,25.09.2020,4.25
896,24.09.2020,4.25
897,23.09.2020,4.25
898,22.09.2020,4.25
899,21.09.2020,4.25
900,18.09.2020,4.25
901,17.09.2020,4.25
902,16.09.2020,4.25
903,15.09.2020,4.25
904,14.09.2020,4.25
905,11.09.2020,4.25
906,10.09.2020,4.25
907,09.09.2020,4.25
908,08.09.2020,4.25
909,07.09.2020,4.25
910,04.09.2020,4.25
911,03.09.2020,4.25
912,02.09.2020,4.25
913,01.09.2020,4.25
914,31.08.2020,4.25
915,28.08.2020,4.25
916,27.08.2020,4.25
917,26.08.2020,4.25
918,25.08.2020,4.25
919,24.08.2020,4.25
920,21.08.2020,4.25
921,20.08.2020,4.25
922,19.08.2020,4.25
923,18.08.2020,4.25
924,17.08.2020,4.25
925,14.08.2020,4.25
926,13.08.2020,4.25
927,12.08.2020,4.25
928,11.08.2020,4.25
929,10.08.2020,4.25
930,07.08.2020,4.25
931,06.08.2020,4.25
932,05.08.2020,4.25
933,04.08.2020,4.25
934,03.08.2020,4.25
935,31.07.2020,4.25
936,30.07.2020,4.25
937,29.07.2020,4.25
938,28.07.2020,4.25
939,27.07.2020,4.25
940,24.07.2020,4.5
941,23.07.2020,4.5
942,22.07.2020,4.5
943,21.07.2020,4.5
944,20.07.2020,4.5
945,17.07.2020,4.5
946,16.07.2020,4.5
947,15.07.2020,4.5
948,14.07.2020,4.5
949,13.07.2020,4.5
950,10.07.2020,4.5
951,09.07.2020,4.5
952,08.07.2020,4.5
953,07.07.2020,4.5
954,06.07.2020,4.5
955,03.07.2020,4.5
956,02.07.2020,4.5
957,30.06.2020,4.5
958,29.06.2020,4.5
959,26.06.2020,4.5
960,25.06.2020,4.5
961,23.06.2020,4.5
962,22.06.2020,4.5
963,19.06.2020,5.5
964,18.06.2020,5.5
965,17.06.2020,5.5
966,16.06.2020,5.5
967,15.06.2020,5.5
968,11.06.2020,5.5
969,10.06.2020,5.5
970,09.06.2020,5.5
971,08.06.2020,5.5
972,05.06.2020,5.5
973,04.06.2020,5.5
974,03.06.2020,5.5
975,02.06.2020,5.5
976,01.06.2020,5.5
977,29.05.2020,5.5
978,28.05.2020,5.5
979,27.05.2020,5.5
980,26.05.2020,5.5
981,25.05.2020,5.5
982,22.05.2020,5.5
983,21.05.2020,5.5
984,20.05.2020,5.5
985,19.05.2020,5.5
986,18.05.2020,5.5
987,15.05.2020,5.5
988,14.05.2020,5.5
989,13.05.2020,5.5
990,12.05.2020,5.5
991,08.05.2020,5.5
992,07.05.2020,5.5
993,06.05.2020,5.5
994,05.05.2020,5.5
995,04.05.2020,5.5
996,30.04.2020,5.5
997,29.04.2020,5.5
998,28.04.2020,5.5
999,27.04.2020,5.5
1000,24.04.2020,6.0
1001,23.04.2020,6.0
1002,22.04.2020,6.0
1003,21.04.2020,6.0
1004,20.04.2020,6.0
1005,17.04.2020,6.0
1006,16.04.2020,6.0
1007,15.04.2020,6.0
1008,14.04.2020,6.0
1009,13.04.2020,6.0
1010,10.04.2020,6.0
1011,09.04.2020,6.0
1012,08.04.2020,6.0
1013,07.04.2020,6.0
1014,06.04.2020,6.0
1015,03.04.2020,6.0
1016,02.04.2020,6.0
1017,01.04.2020,6.0
1018,31.03.2020,6.0
1019,30.03.2020,6.0
1020,27.03.2020,6.0
1021,26.03.2020,6.0
1022,25.03.2020,6.0
1023,24.03.2020,6.0
1024,23.03.2020,6.0
1025,20.03.2020,6.0
1026,19.03.2020,6.0
1027,18.03.2020,6.0
1028,17.03.2020,6.0
1029,16.03.2020,6.0
1030,13.03.2020,6.0
1031,12.03.2020,6.0
1032,11.03.2020,6.0
1033,10.03.2020,6.0
1034,06.03.2020,6.0
1035,05.03.2020,6.0
1036,04.03.2020,6.0
1037,03.03.2020,6.0
1038,02.03.2020,6.0
1039,28.02.2020,6.0
1040,27.02.2020,6.0
1041,26.02.2020,6.0
1042,25.02.2020,6.0
1043,21.02.2020,6.0
1044,20.02.2020,6.0
1045,19.02.2020,6.0
1046,18.02.2020,6.0
1047,17.02.2020,6.0
1048,14.02.2020,6.0
1049,13.02.2020,6.0
1050,12.02.2020,6.0
1051,11.02.2020,6.0
1052,10.02.2020,6.0
1053,07.02.2020,6.25
1054,06.02.2020,6.25
1055,05.02.2020,6.25
1056,04.02.2020,6.25
1057,03.02.2020,6.25
1058,31.01.2020,6.25
1059,30.01.2020,6.25
1060,29.01.2020,6.25
1061,28.01.2020,6.25
1062,27.01.2020,6.25
1063,24.01.2020,6.25
1064,23.01.2020,6.25
1065,22.01.2020,6.25
1066,21.01.2020,6.25
1067,20.01.2020,6.25
1068,17.01.2020,6.25
1069,16.01.2020,6.25
1070,15.01.2020,6.25
1071,14.01.2020,6.25
1072,13.01.2020,6.25
1073,10.01.2020,6.25
1074,09.01.2020,6.25
1075,08.01.2020,6.25
1076,06.01.2020,6.25
1077,03.01.2020,6.25
1078,31.12.2019,6.25
1079,30.12.2019,6.25
1080,27.12.2019,6.25
1081,26.12.2019,6.25
1082,25.12.2019,6.25
1083,24.12.2019,6.25
1084,23.12.2019,6.25
1085,20.12.2019,6.25
1086,19.12.2019,6.25
1087,18.12.2019,6.25
1088,17.12.2019,6.25
1089,16.12.2019,6.25
1090,13.12.2019,6.5
1091,12.12.2019,6.5
1092,11.12.2019,6.5
1093,10.12.2019,6.5
1094,09.12.2019,6.5
1095,06.12.2019,6.5
1096,05.12.2019,6.5
1097,04.12.2019,6.5
1098,03.12.2019,6.5
1099,02.12.2019,6.5
1100,29.11.2019,6.5
1101,28.11.2019,6.5
1102,27.11.2019,6.5
1103,26.11.2019,6.5
1104,25.11.2019,6.5
1105,22.11.2019,6.5
1106,21.11.2019,6.5
1107,20.11.2019,6.5
1108,19.11.2019,6.5
1109,18.11.2019,6.5
1110,15.11.2019,6.5
1111,14.11.2019,6.5
1112,13.11.2019,6.5
1113,12.11.2019,6.5
1114,11.11.2019,6.5
1115,08.11.2019,6.5
1116,07.11.2019,6.5
1117,06.11.2019,6.5
1118,05.11.2019,6.5
1119,01.11.2019,6.5
1120,31.10.2019,6.5
1121,30.10.2019,6.5
1122,29.10.2019,6.5
1123,28.10.2019,6.5
1124,25.10.2019,7.0
1125,24.10.2019,7.0
1126,23.10.2019,7.0
1127,22.10.2019,7.0
1128,21.10.2019,7.0
1129,18.10.2019,7.0
1130,17.10.2019,7.0
1131,16.10.2019,7.0
1132,15.10.2019,7.0
1133,14.10.2019,7.0
1134,11.10.2019,7.0
1135,10.10.2019,7.0
1136,09.10.2019,7.0
1137,08.10.2019,7.0
1138,07.10.2019,7.0
1139,04.10.2019,7.0
1140,03.10.2019,7.0
1141,02.10.2019,7.0
1142,01.10.2019,7.0
1143,30.09.2019,7.0
1144,27.09.2019,7.0
1145,26.09.2019,7.0
1146,25.09.2019,7.0
1147,24.09.2019,7.0
1148,23.09.2019,7.0
1149,20.09.2019,7.0
1150,19.09.2019,7.0
1151,18.09.2019,7.0
1152,17.09.2019,7.0
1153,16.09.2019,7.0
1154,13.09.2019,7.0
1155,12.09.2019,7.0
1156,11.09.2019,7.0
1157,10.09.2019,7.0
1158,09.09.2019,7.0
1159,06.09.2019,7.25
1160,05.09.2019,7.25
1161,04.09.2019,7.25
1162,03.09.2019,7.25
1163,02.09.2019,7.25
1164,30.08.2019,7.25
1165,29.08.2019,7.25
1166,28.08.2019,7.25
1167,27.08.2019,7.25
1168,26.08.2019,7.25
1169,23.08.2019,7.25
1170,22.08.2019,7.25
1171,21.08.2019,7.25
1172,20.08.2019,7.25
1173,19.08.2019,7.25
1174,16.08.2019,7.25
1175,15.08.2019,7.25
1176,14.08.2019,7.25
1177,13.08.2019,7.25
1178,12.08.2019,7.25
1179,09.08.2019,7.25
1180,08.08.2019,7.25
1181,07.08.2019,7.25
1182,06.08.2019,7.25
1183,05.08.2019,7.25
1184,02.08.2019,7.25
1185,01.08.2019,7.25
1186,31.07.2019,7.25
1187,30.07.2019,7.25
1188,29.07.2019,7.25
1189,26.07.2019,7.5
1190,25.07.2019,7.5
1191,24.07.2019,7.5
1192,23.07.2019,7.5
1193,22.07.2019,7.5
1194,19.07.2019,7.5
1195,18.07.2019,7.5
1196,17.07.2019,7.5
1197,16.07.2019,7.5
1198,15.07.2019,7.5
1199,12.07.2019,7.5
1200,11.07.2019,7.5
1201,10.07.2019,7.5
1202,09.07.2019,7.5
1203,08.07.2019,7.5
1204,05.07.2019,7.5
1205,04.07.2019,7.5
1206,03.07.2019,7.5
1207,02.07.2019,7.5
1208,01.07.2019,7.5
1209,28.06.2019,7.5
1210,27.06.2019,7.5
1211,26.06.2019,7.5
1212,25.06.2019,7.5
1213,24.06.2019,7.5
1214,21.06.2019,7.5
1215,20.06.2019,7.5
1216,19.06.2019,7.5
1217,18.06.2019,7.5
1218,17.06.2019,7.5
1219,14.06.2019,7.75
1220,13.06.2019,7.75
1221,12.06.2019,7.75
1222,11.06.2019,7.75
1223,10.06.2019,7.75
1224,07.06.2019,7.75
1225,06.06.2019,7.75
1226,05.06.2019,7.75
1227,04.06.2019,7.75
1228,03.06.2019,7.75
1229,31.05.2019,7.75
1230,30.05.2019,7.75
1231,29.05.2019,7.75
1232,28.05.2019,7.75
1233,27.05.2019,7.75
1234,24.05.2019,7.75
1235,23.05.2019,7.75
1236,22.05.2019,7.75
1237,21.05.2019,7.75
1238,20.05.2019,7.75
1239,17.05.2019,7.75
1240,16.05.2019,7.75
1241,15.05.2019,7.75
1242,14.05.2019,7.75
1243,13.05.2019,7.75
1244,08.05.2019,7.75
1245,07.05.2019,7.75
1246,06.05.2019,7.75
1247,30.04.2019,7.75
1248,29.04.2019,7.75
1249,26.04.2019,7.75
1250,25.04.2019,7.75
1251,24.04.2019,7.75
1252,23.04.2019,7.75
1253,22.04.2019,7.75
1254,19.04.2019,7.75
1255,18.04.2019,7.75
1256,17.04.2019,7.75
1257,16.04.2019,7.75
1258,15.04.2019,7.75
1259,12.04.2019,7.75
1260,11.04.2019,7.75
1261,10.04.2019,7.75
1262,09.04.2019,7.75
1263,08.04.2019,7.75
1264,05.04.2019,7.75
1265,04.04.2019,7.75
1266,03.04.2019,7.75
1267,02.04.2019,7.75
1268,01.04.2019,7.75
1269,29.03.2019,7.75
1270,28.03.2019,7.75
1271,27.03.2019,7.75
1272,26.03.2019,7.75
1273,25.03.2019,7.75
1274,22.03.2019,7.75
1275,21.03.2019,7.75
1276,20.03.2019,7.75
1277,19.03.2019,7.75
1278,18.03.2019,7.75
1279,15.03.2019,7.75
1280,14.03.2019,7.75
1281,13.03.2019,7.75
1282,12.03.2019,7.75
1283,11.03.2019,7.75
1284,07.03.2019,7.75
1285,06.03.2019,7.75
1286,05.03.2019,7.75
1287,04.03.2019,7.75
1288,01.03.2019,7.75
1289,28.02.2019,7.75
1290,27.02.2019,7.75
1291,26.02.2019,7.75
1292,25.02.2019,7.75
1293,22.02.2019,7.75
1294,21.02.2019,7.75
1295,20.02.2019,7.75
1296,19.02.2019,7.75
1297,18.02.2019,7.75
1298,15.02.2019,7.75
1299,14.02.2019,7.75
1300,13.02.2019,7.75
1301,12.02.2019,7.75
1302,11.02.2019,7.75
1303,08.02.2019,7.75
1304,07.02.2019,7.75
1305,06.02.2019,7.75
1306,05.02.2019,7.75
1307,04.02.2019,7.75
1308,01.02.2019,7.75
1309,31.01.2019,7.75
1310,30.01.2019,7.75
1311,29.01.2019,7.75
1312,28.01.2019,7.75
1313,25.01.2019,7.75
1314,24.01.2019,7.75
1315,23.01.2019,7.75
1316,22.01.2019,7.75
1317,21.01.2019,7.75
1318,18.01.2019,7.75
1319,17.01.2019,7.75
1320,16.01.2019,7.75
1321,15.01.2019,7.75
1322,14.01.2019,7.75
1323,11.01.2019,7.75
1324,10.01.2019,7.75
1325,09.01.2019,7.75
1326,28.12.2018,7.75
1327,27.12.2018,7.75
1328,26.12.2018,7.75
1329,25.12.2018,7.75
1330,24.12.2018,7.75
1331,21.12.2018,7.75
1332,20.12.2018,7.75
1333,19.12.2018,7.75
1334,18.12.2018,7.75
1335,17.12.2018,7.75
1336,14.12.2018,7.5
1337,13.12.2018,7.5
1338,12.12.2018,7.5
1339,11.12.2018,7.5
1340,10.12.2018,7.5
1341,07.12.2018,7.5
1342,06.12.2018,7.5
1343,05.12.2018,7.5
1344,04.12.2018,7.5
1345,03.12.2018,7.5
1346,30.11.2018,7.5
1347,29.11.2018,7.5
1348,28.11.2018,7.5
1349,27.11.2018,7.5
1350,26.11.2018,7.5
1351,23.11.2018,7.5
1352,22.11.2018,7.5
1353,21.11.2018,7.5
1354,20.11.2018,7.5
1355,19.11.2018,7.5
1356,16.11.2018,7.5
1357,15.11.2018,7.5
1358,14.11.2018,7.5
1359,13.11.2018,7.5
1360,12.11.2018,7.5
1361,09.11.2018,7.5
1362,08.11.2018,7.5
1363,07.11.2018,7.5
1364,06.11.2018,7.5
1365,02.11.2018,7.5
1366,01.11.2018,7.5
1367,31.10.2018,7.5
1368,30.10.2018,7.5
1369,29.10.2018,7.5
1370,26.10.2018,7.5
1371,25.10.2018,7.5
1372,24.10.2018,7.5
1373,23.10.2018,7.5
1374,22.10.2018,7.5
1375,19.10.2018,7.5
1376,18.10.2018,7.5
1377,17.10.2018,7.5
1378,16.10.2018,7.5
1379,15.10.2018,7.5
1380,12.10.2018,7.5
1381,11.10.2018,7.5
1382,10.10.2018,7.5
1383,09.10.2018,7.5
1384,08.10.2018,7.5
1385,05.10.2018,7.5
1386,04.10.2018,7.5
1387,03.10.2018,7.5
1388,02.10.2018,7.5
1389,01.10.2018,7.5
1390,28.09.2018,7.5
1391,27.09.2018,7.5
1392,26.09.2018,7.5
1393,25.09.2018,7.5
1394,24.09.2018,7.5
1395,21.09.2018,7.5
1396,20.09.2018,7.5
1397,19.09.2018,7.5
1398,18.09.2018,7.5
1399,17.09.2018,7.5
1400,14.09.2018,7.25
1401,13.09.2018,7.25
1402,12.09.2018,7.25
1403,11.09.2018,7.25
1404,10.09.2018,7.25
1405,07.09.2018,7.25
1406,06.09.2018,7.25
1407,05.09.2018,7.25
1408,04.09.2018,7.25
1409,03.09.2018,7.25
1410,31.08.2018,7.25
1411,30.08.2018,7.25
1412,29.08.2018,7.25
1413,28.08.2018,7.25
1414,27.08.2018,7.25
1415,24.08.2018,7.25
1416,23.08.2018,7.25
1417,22.08.2018,7.25
1418,21.08.2018,7.25
1419,20.08.2018,7.25
1420,17.08.2018,7.25
1421,16.08.2018,7.25
1422,15.08.2018,7.25
1423,14.08.2018,7.25
1424,13.08.2018,7.25
1425,10.08.2018,7.25
1426,09.08.2018,7.25
1427,08.08.2018,7.25
1428,07.08.2018,7.25
1429,06.08.2018,7.25
1430,03.08.2018,7.25
1431,02.08.2018,7.25
1432,01.08.2018,7.25
1433,31.07.2018,7.25
1434,30.07.2018,7.25
1435,27.07.2018,7.25
1436,26.07.2018,7.25
1437,25.07.2018,7.25
1438,24.07.2018,7.25
1439,23.07.2018,7.25
1440,20.07.2018,7.25
1441,19.07.2018,7.25
1442,18.07.2018,7.25
1443,17.07.2018,7.25
1444,16.07.2018,7.25
1445,13.07.2018,7.25
1446,12.07.2018,7.25
1447,11.07.2018,7.25
1448,10.07.2018,7.25
1449,09.07.2018,7.25
1450,06.07.2018,7.25
1451,05.07.2018,7.25
1452,04.07.2018,7.25
1453,03.07.2018,7.25
1454,02.07.2018,7.25
1455,29.06.2018,7.25
1456,28.06.2018,7.25
1457,27.06.2018,7.25
1458,26.06.2018,7.25
1459,25.06.2018,7.25
1460,22.06.2018,7.25
1461,21.06.2018,7.25
1462,20.06.2018,7.25
1463,19.06.2018,7.25
1464,18.06.2018,7.25
1465,15.06.2018,7.25
1466,14.06.2018,7.25
1467,13.06.2018,7.25
1468,09.06.2018,7.25
1469,08.06.2018,7.25
1470,07.06.2018,7.25
1471,06.06.2018,7.25
1472,05.06.2018,7.25
1473,04.06.2018,7.25
1474,01.06.2018,7.25
1475,31.05.2018,7.25
1476,30.05.2018,7.25
1477,29.05.2018,7.25
1478,28.05.2018,7.25
1479,25.05.2018,7.25
1480,24.05.2018,7.25
1481,23.05.2018,7.25
1482,22.05.2018,7.25
1483,21.05.2018,7.25
1484,18.05.2018,7.25
1485,17.05.2018,7.25
1486,16.05.2018,7.25
1487,15.05.2018,7.25
1488,14.05.2018,7.25
1489,11.05.2018,7.25
1490,10.05.2018,7.25
1491,08.05.2018,7.25
1492,07.05.2018,7.25
1493,04.05.2018,7.25
1494,03.05.2018,7.25
1495,28.04.2018,7.25
1496,27.04.2018,7.25
1497,26.04.2018,7.25
1498,25.04.2018,7.25
1499,24.04.2018,7.25
1500,23.04.2018,7.25
1501,20.04.2018,7.25
1502,19.04.2018,7.25
1503,18.04.2018,7.25
1504,17.04.2018,7.25
1505,16.04.2018,7.25
1506,13.04.2018,7.25
1507,12.04.2018,7.25
1508,11.04.2018,7.25
1509,10.04.2018,7.25
1510,09.04.2018,7.25
1511,06.04.2018,7.25
1512,05.04.2018,7.25
1513,04.04.2018,7.25
1514,03.04.2018,7.25
1515,02.04.2018,7.25
1516,30.03.2018,7.25
1517,29.03.2018,7.25
1518,28.03.2018,7.25
1519,27.03.2018,7.25
1520,26.03.2018,7.25
1521,23.03.2018,7.5
1522,22.03.2018,7.5
1523,21.03.2018,7.5
1524,20.03.2018,7.5
1525,19.03.2018,7.5
1526,16.03.2018,7.5
1527,15.03.2018,7.5
1528,14.03.2018,7.5
1529,13.03.2018,7.5
1530,12.03.2018,7.5
1531,07.03.2018,7.5
1532,06.03.2018,7.5
1533,05.03.2018,7.5
1534,02.03.2018,7.5
1535,01.03.2018,7.5
1536,28.02.2018,7.5
1537,27.02.2018,7.5
1538,26.02.2018,7.5
1539,22.02.2018,7.5
1540,21.02.2018,7.5
1541,20.02.2018,7.5
1542,19.02.2018,7.5
1543,16.02.2018,7.5
1544,15.02.2018,7.5
1545,14.02.2018,7.5
1546,13.02.2018,7.5
1547,12.02.2018,7.5
1548,09.02.2018,7.75
1549,08.02.2018,7.75
1550,07.02.2018,7.75
1551,06.02.2018,7.75
1552,05.02.2018,7.75
1553,02.02.2018,7.75
1554,01.02.2018,7.75
1555,31.01.2018,7.75
1556,30.01.2018,7.75
1557,29.01.2018,7.75
1558,26.01.2018,7.75
1559,25.01.2018,7.75
1560,24.01.2018,7.75
1561,23.01.2018,7.75
1562,22.01.2018,7.75
1563,19.01.2018,7.75
1564,18.01.2018,7.75
1565,17.01.2018,7.75
1566,16.01.2018,7.75
1567,15.01.2018,7.75
1568,12.01.2018,7.75
1569,11.01.2018,7.75
1570,10.01.2018,7.75
1571,09.01.2018,7.75
1572,29.12.2017,7.75
1573,28.12.2017,7.75
1574,27.12.2017,7.75
1575,26.12.2017,7.75
1576,25.12.2017,7.75
1577,22.12.2017,7.75
1578,21.12.2017,7.75
1579,20.12.2017,7.75
1580,19.12.2017,7.75
1581,18.12.2017,7.75
1582,15.12.2017,8.25
1583,14.12.2017,8.25
1584,13.12.2017,8.25
1585,12.12.2017,8.25
1586,11.12.2017,8.25
1587,08.12.2017,8.25
1588,07.12.2017,8.25
1589,06.12.2017,8.25
1590,05.12.2017,8.25
1591,04.12.2017,8.25
1592,01.12.2017,8.25
1593,30.11.2017,8.25
1594,29.11.2017,8.25
1595,28.11.2017,8.25
1596,27.11.2017,8.25
1597,24.11.2017,8.25
1598,23.11.2017,8.25
1599,22.11.2017,8.25
1600,21.11.2017,8.25
1601,20.11.2017,8.25
1602,17.11.2017,8.25
1603,16.11.2017,8.25
1604,15.11.2017,8.25
1605,14.11.2017,8.25
1606,13.11.2017,8.25
1607,10.11.2017,8.25
1608,09.11.2017,8.25
1609,08.11.2017,8.25
1610,07.11.2017,8.25
1611,03.11.2017,8.25
1612,02.11.2017,8.25
1613,01.11.2017,8.25
1614,31.10.2017,8.25
1615,30.10.2017,8.25
1616,27.10.2017,8.5
1617,26.10.2017,8.5
1618,25.10.2017,8.5
1619,24.10.2017,8.5
1620,23.10.2017,8.5
1621,20.10.2017,8.5
1622,19.10.2017,8.5
1623,18.10.2017,8.5
1624,17.10.2017,8.5
1625,16.10.2017,8.5
1626,13.10.2017,8.5
1627,12.10.2017,8.5
1628,11.10.2017,8.5
1629,10.10.2017,8.5
1630,09.10.2017,8.5
1631,06.10.2017,8.5
1632,05.10.2017,8.5
1633,04.10.2017,8.5
1634,03.10.2017,8.5
1635,02.10.2017,8.5
1636,29.09.2017,8.5
1637,28.09.2017,8.5
1638,27.09.2017,8.5
1639,26.09.2017,8.5
1640,25.09.2017,8.5
1641,22.09.2017,8.5
1642,21.09.2017,8.5
1643,20.09.2017,8.5
1644,19.09.2017,8.5
1645,18.09.2017,8.5
1646,15.09.2017,9.0
1647,14.09.2017,9.0
1648,13.09.2017,9.0
1649,12.09.2017,9.0
1650,11.09.2017,9.0
1651,08.09.2017,9.0
1652,07.09.2017,9.0
1653,06.09.2017,9.0
1654,05.09.2017,9.0
1655,04.09.2017,9.0
1656,01.09.2017,9.0
1657,31.08.2017,9.0
1658,30.08.2017,9.0
1659,29.08.2017,9.0
1660,28.08.2017,9.0
1661,25.08.2017,9.0
1662,24.08.2017,9.0
1663,23.08.2017,9.0
1664,22.08.2017,9.0
1665,21.08.2017,9.0
1666,18.08.2017,9.0
1667,17.08.2017,9.0
1668,16.08.2017,9.0
1669,15.08.2017,9.0
1670,14.08.2017,9.0
1671,11.08.2017,9.0
1672,10.08.2017,9.0
1673,09.08.2017,9.0
1674,08.08.2017,9.0
1675,07.08.2017,9.0
1676,04.08.2017,9.0
1677,03.08.2017,9.0
1678,02.08.2017,9.0
1679,01.08.2017,9.0
1680,31.07.2017,9.0
1681,28.07.2017,9.0
1682,27.07.2017,9.0
1683,26.07.2017,9.0
1684,25.07.2017,9.0
1685,24.07.2017,9.0
1686,21.07.2017,9.0
1687,20.07.2017,9.0
1688,19.07.2017,9.0
1689,18.07.2017,9.0
1690,17.07.2017,9.0
1691,14.07.2017,9.0
1692,13.07.2017,9.0
1693,12.07.2017,9.0
1694,11.07.2017,9.0
1695,10.07.2017,9.0
1696,07.07.2017,9.0
1697,06.07.2017,9.0
1698,05.07.2017,9.0
1699,04.07.2017,9.0
1700,03.07.2017,9.0
1701,30.06.2017,9.0
1702,29.06.2017,9.0
1703,28.06.2017,9.0
1704,27.06.2017,9.0
1705,26.06.2017,9.0
1706,23.06.2017,9.0
1707,22.06.2017,9.0
1708,21.06.2017,9.0
1709,20.06.2017,9.0
1710,19.06.2017,9.0
1711,16.06.2017,9.25
1712,15.06.2017,9.25
1713,14.06.2017,9.25
1714,13.06.2017,9.25
1715,09.06.2017,9.25
1716,08.06.2017,9.25
1717,07.06.2017,9.25
1718,06.06.2017,9.25
1719,05.06.2017,9.25
1720,02.06.2017,9.25
1721,01.06.2017,9.25
1722,31.05.2017,9.25
1723,30.05.2017,9.25
1724,29.05.2017,9.25
1725,26.05.2017,9.25
1726,25.05.2017,9.25
1727,24.05.2017,9.25
1728,23.05.2017,9.25
1729,22.05.2017,9.25
1730,19.05.2017,9.25
1731,18.05.2017,9.25
1732,17.05.2017,9.25
1733,16.05.2017,9.25
1734,15.05.2017,9.25
1735,12.05.2017,9.25
1736,11.05.2017,9.25
1737,10.05.2017,9.25
1738,05.05.2017,9.25
1739,04.05.2017,9.25
1740,03.05.2017,9.25
1741,02.05.2017,9.25
1742,28.04.2017,9.75
1743,27.04.2017,9.75
1744,26.04.2017,9.75
1745,25.04.2017,9.75
1746,24.04.2017,9.75
1747,21.04.2017,9.75
1748,20.04.2017,9.75
1749,19.04.2017,9.75
1750,18.04.2017,9.75
1751,17.04.2017,9.75
1752,14.04.2017,9.75
1753,13.04.2017,9.75
1754,12.04.2017,9.75
1755,11.04.2017,9.75
1756,10.04.2017,9.75
1757,07.04.2017,9.75
1758,06.04.2017,9.75
1759,05.04.2017,9.75
1760,04.04.2017,9.75
1761,03.04.2017,9.75
1762,31.03.2017,9.75
1763,30.03.2017,9.75
1764,29.03.2017,9.75
1765,28.03.2017,9.75
1766,27.03.2017,9.75
1767,24.03.2017,10.0
1768,23.03.2017,10.0
1769,22.03.2017,10.0
1770,21.03.2017,10.0
1771,20.03.2017,10.0
1772,17.03.2017,10.0
1773,16.03.2017,10.0
1774,15.03.2017,10.0
1775,14.03.2017,10.0
1776,13.03.2017,10.0
1777,10.03.2017,10.0
1778,09.03.2017,10.0
1779,07.03.2017,10.0
1780,06.03.2017,10.0
1781,03.03.2017,10.0
1782,02.03.2017,10.0
1783,01.03.2017,10.0
1784,28.02.2017,10.0
1785,27.02.2017,10.0
1786,22.02.2017,10.0
1787,21.02.2017,10.0
1788,20.02.2017,10.0
1789,17.02.2017,10.0
1790,16.02.2017,10.0
1791,15.02.2017,10.0
1792,14.02.2017,10.0
1793,13.02.2017,10.0
1794,10.02.2017,10.0
1795,09.02.2017,10.0
1796,08.02.2017,10.0
1797,07.02.2017,10.0
1798,06.02.2017,10.0
1799,03.02.2017,10.0
1800,02.02.2017,10.0
1801,01.02.2017,10.0
1802,31.01.2017,10.0
1803,30.01.2017,10.0
1804,27.01.2017,10.0
1805,26.01.2017,10.0
1806,25.01.2017,10.0
1807,24.01.2017,10.0
1808,23.01.2017,10.0
1809,20.01.2017,10.0
1810,19.01.2017,10.0
1811,18.01.2017,10.0
1812,17.01.2017,10.0
1813,16.01.2017,10.0
1814,13.01.2017,10.0
1815,12.01.2017,10.0
1816,11.01.2017,10.0
1817,10.01.2017,10.0
1818,09.01.2017,10.0
1819,30.12.2016,10.0
1820,29.12.2016,10.0
1821,28.12.2016,10.0
1822,27.12.2016,10.0
1823,26.12.2016,10.0
1824,23.12.2016,10.0
1825,22.12.2016,10.0
1826,21.12.2016,10.0
1827,20.12.2016,10.0
1828,19.12.2016,10.0
1829,16.12.2016,10.0
1830,15.12.2016,10.0
1831,14.12.2016,10.0
1832,13.12.2016,10.0
1833,12.12.2016,10.0
1834,09.12.2016,10.0
1835,08.12.2016,10.0
1836,07.12.2016,10.0
1837,06.12.2016,10.0
1838,05.12.2016,10.0
1839,02.12.2016,10.0
1840,01.12.2016,10.0
1841,30.11.2016,10.0
1842,29.11.2016,10.0
1843,28.11.2016,10.0
1844,25.11.2016,10.0
1845,24.11.2016,10.0
1846,23.11.2016,10.0
1847,22.11.2016,10.0
1848,21.11.2016,10.0
1849,18.11.2016,10.0
1850,17.11.2016,10.0
1851,16.11.2016,10.0
1852,15.11.2016,10.0
1853,14.11.2016,10.0
1854,11.11.2016,10.0
1855,10.11.2016,10.0
1856,09.11.2016,10.0
1857,08.11.2016,10.0
1858,07.11.2016,10.0
1859,03.11.2016,10.0
1860,02.11.2016,10.0
1861,01.11.2016,10.0
1862,31.10.2016,10.0
1863,28.10.2016,10.0
1864,27.10.2016,10.0
1865,26.10.2016,10.0
1866,25.10.2016,10.0
1867,24.10.2016,10.0
1868,21.10.2016,10.0
1869,20.10.2016,10.0
1870,19.10.2016,10.0
1871,18.10.2016,10.0
1872,17.10.2016,10.0
1873,14.10.2016,10.0
1874,13.10.2016,10.0
1875,12.10.2016,10.0
1876,11.10.2016,10.0
1877,10.10.2016,10.0
1878,07.10.2016,10.0
1879,06.10.2016,10.0
1880,05.10.2016,10.0
1881,04.10.2016,10.0
1882,03.10.2016,10.0
1883,30.09.2016,10.0
1884,29.09.2016,10.0
1885,28.09.2016,10.0
1886,27.09.2016,10.0
1887,26.09.2016,10.0
1888,23.09.2016,10.0
1889,22.09.2016,10.0
1890,21.09.2016,10.0
1891,20.09.2016,10.0
1892,19.09.2016,10.0
1893,16.09.2016,10.5
1894,15.09.2016,10.5
1895,14.09.2016,10.5
1896,13.09.2016,10.5
1897,12.09.2016,10.5
1898,09.09.2016,10.5
1899,08.09.2016,10.5
1900,07.09.2016,10.5
1901,06.09.2016,10.5
1902,05.09.2016,10.5
1903,02.09.2016,10.5
1904,01.09.2016,10.5
1905,31.08.2016,10.5
1906,30.08.2016,10.5
1907,29.08.2016,10.5
1908,26.08.2016,10.5
1909,25.08.2016,10.5
1910,24.08.2016,10.5
1911,23.08.2016,10.5
1912,22.08.2016,10.5
1913,19.08.2016,10.5
1914,18.08.2016,10.5
1915,17.08.2016,10.5
1916,16.08.2016,10.5
1917,15.08.2016,10.5
1918,12.08.2016,10.5
1919,11.08.2016,10.5
1920,10.08.2016,10.5
1921,09.08.2016,10.5
1922,08.08.2016,10.5
1923,05.08.2016,10.5
1924,04.08.2016,10.5
1925,03.08.2016,10.5
1926,02.08.2016,10.5
1927,01.08.2016,10.5
1928,29.07.2016,10.5
1929,28.07.2016,10.5
1930,27.07.2016,10.5
1931,26.07.2016,10.5
1932,25.07.2016,10.5
1933,22.07.2016,10.5
1934,21.07.2016,10.5
1935,20.07.2016,10.5
1936,19.07.2016,10.5
1937,18.07.2016,10.5
1938,15.07.2016,10.5
1939,14.07.2016,10.5
1940,13.07.2016,10.5
1941,12.07.2016,10.5
1942,11.07.2016,10.5
1943,08.07.2016,10.5
1944,07.07.2016,10.5
1945,06.07.2016,10.5
1946,05.07.2016,10.5
1947,04.07.2016,10.5
1948,01.07.2016,10.5
1949,30.06.2016,10.5
1950,29.06.2016,10.5
1951,28.06.2016,10.5
1952,27.06.2016,10.5
1953,24.06.2016,10.5
1954,23.06.2016,10.5
1955,22.06.2016,10.5
1956,21.06.2016,10.5
1957,20.06.2016,10.5
1958,17.06.2016,10.5
1959,16.06.2016,10.5
1960,15.06.2016,10.5
1961,14.06.2016,10.5
1962,10.06.2016,11.0
1963,09.06.2016,11.0
1964,08.06.2016,11.0
1965,07.06.2016,11.0
1966,06.06.2016,11.0
1967,03.06.2016,11.0
1968,02.06.2016,11.0
1969,01.06.2016,11.0
1970,31.05.2016,11.0
1971,30.05.2016,11.0
1972,27.05.2016,11.0
1973,26.05.2016,11.0
1974,25.05.2016,11.0
1975,24.05.2016,11.0
1976,23.05.2016,11.0
1977,20.05.2016,11.0
1978,19.05.2016,11.0
1979,18.05.2016,11.0
1980,17.05.2016,11.0
1981,16.05.2016,11.0
1982,13.05.2016,11.0
1983,12.05.2016,11.0
1984,11.05.2016,11.0
1985,10.05.2016,11.0
1986,06.05.2016,11.0
1987,05.05.2016,11.0
1988,04.05.2016,11.0
1989,29.04.2016,11.0
1990,28.04.2016,11.0
1991,27.04.2016,11.0
1992,26.04.2016,11.0
1993,25.04.2016,11.0
1994,22.04.2016,11.0
1995,21.04.2016,11.0
1996,20.04.2016,11.0
1997,19.04.2016,11.0
1998,18.04.2016,11.0
1999,15.04.2016,11.0
2000,14.04.2016,11.0
2001,13.04.2016,11.0
2002,12.04.2016,11.0
2003,11.04.2016,11.0
2004,08.04.2016,11.0
2005,07.04.2016,11.0
2006,06.04.2016,11.0
2007,05.04.2016,11.0
2008,04.04.2016,11.0
2009,01.04.2016,11.0
2010,31.03.2016,11.0
2011,30.03.2016,11.0
2012,29.03.2016,11.0
2013,28.03.2016,11.0
2014,25.03.2016,11.0
2015,24.03.2016,11.0
2016,23.03.2016,11.0
2017,22.03.2016,11.0
2018,21.03.2016,11.0
2019,18.03.2016,11.0
2020,17.03.2016,11.0
2021,16.03.2016,11.0
2022,15.03.2016,11.0
2023,14.03.2016,11.0
2024,11.03.2016,11.0
2025,10.03.2016,11.0
2026,09.03.2016,11.0
2027,04.03.2016,11.0
2028,03.03.2016,11.0
2029,02.03.2016,11.0
2030,01.03.2016,11.0
2031,29.02.2016,11.0
2032,26.02.2016,11.0
2033,25.02.2016,11.0
2034,24.02.2016,11.0
2035,20.02.2016,11.0
2036,19.02.2016,11.0
2037,18.02.2016,11.0
2038,17.02.2016,11.0
2039,16.02.2016,11.0
2040,15.02.2016,11.0
2041,12.02.2016,11.0
2042,11.02.2016,11.0
2043,10.02.2016,11.0
2044,09.02.2016,11.0
2045,08.02.2016,11.0
2046,05.02.2016,11.0
2047,04.02.2016,11.0
2048,03.02.2016,11.0
2049,02.02.2016,11.0
2050,01.02.2016,11.0
2051,29.01.2016,11.0
2052,28.01.2016,11.0
2053,27.01.2016,11.0
2054,26.01.2016,11.0
2055,25.01.2016,11.0
2056,22.01.2016,11.0
2057,21.01.2016,11.0
2058,20.01.2016,11.0
2059,19.01.2016,11.0
2060,18.01.2016,11.0
2061,15.01.2016,11.0
2062,14.01.2016,11.0
2063,13.01.2016,11.0
2064,12.01.2016,11.0
2065,11.01.2016,11.0
2066,01.01.2016,11.0
2067,31.12.2015,11.0
2068,30.12.2015,11.0
2069,29.12.2015,11.0
2070,28.12.2015,11.0
2071,25.12.2015,11.0
2072,24.12.2015,11.0
2073,23.12.2015,11.0
2074,22.12.2015,11.0
2075,21.12.2015,11.0
2076,18.12.2015,11.0
2077,17.12.2015,11.0
2078,16.12.2015,11.0
2079,15.12.2015,11.0
2080,14.12.2015,11.0
2081,11.12.2015,11.0
2082,10.12.2015,11.0
2083,09.12.2015,11.0
2084,08.12.2015,11.0
2085,07.12.2015,11.0
2086,04.12.2015,11.0
2087,03.12.2015,11.0
2088,02.12.2015,11.0
2089,01.12.2015,11.0
2090,30.11.2015,11.0
2091,27.11.2015,11.0
2092,26.11.2015,11.0
2093,25.11.2015,11.0
2094,24.11.2015,11.0
2095,23.11.2015,11.0
2096,20.11.2015,11.0
2097,19.11.2015,11.0
2098,18.11.2015,11.0
2099,17.11.2015,11.0
2100,16.11.2015,11.0
2101,13.11.2015,11.0
2102,12.11.2015,11.0
2103,11.11.2015,11.0
2104,10.11.2015,11.0
2105,09.11.2015,11.0
2106,06.11.2015,11.0
2107,05.11.2015,11.0
2108,03.11.2015,11.0
2109,02.11.2015,11.0
2110,30.10.2015,11.0
2111,29.10.2015,11.0
2112,28.10.2015,11.0
2113,27.10.2015,11.0
2114,26.10.2015,11.0
2115,23.10.2015,11.0
2116,22.10.2015,11.0
2117,21.10.2015,11.0
2118,20.10.2015,11.0
2119,19.10.2015,11.0
2120,16.10.2015,11.0
2121,15.10.2015,11.0
2122,14.10.2015,11.0
2123,13.10.2015,11.0
2124,12.10.2015,11.0
2125,09.10.2015,11.0
2126,08.10.2015,11.0
2127,07.10.2015,11.0
2128,06.10.2015,11.0
2129,05.10.2015,11.0
2130,02.10.2015,11.0
2131,01.10.2015,11.0
2132,30.09.2015,11.0
2133,29.09.2015,11.0
2134,28.09.2015,11.0
2135,25.09.2015,11.0
2136,24.09.2015,11.0
2137,23.09.2015,11.0
2138,22.09.2015,11.0
2139,21.09.2015,11.0
2140,18.09.2015,11.0
2141,17.09.2015,11.0
2142,16.09.2015,11.0
2143,15.09.2015,11.0
2144,14.09.2015,11.0
2145,11.09.2015,11.0
2146,10.09.2015,11.0
2147,09.09.2015,11.0
2148,08.09.2015,11.0
2149,07.09.2015,11.0
2150,04.09.2015,11.0
2151,03.09.2015,11.0
2152,02.09.2015,11.0
2153,01.09.2015,11.0
2154,31.08.2015,11.0
2155,28.08.2015,11.0
2156,27.08.2015,11.0
2157,26.08.2015,11.0
2158,25.08.2015,11.0
2159,24.08.2015,11.0
2160,21.08.2015,11.0
2161,20.08.2015,11.0
2162,19.08.2015,11.0
2163,18.08.2015,11.0
2164,17.08.2015,11.0
2165,14.08.2015,11.0
2166,13.08.2015,11.0
2167,12.08.2015,11.0
2168,11.08.2015,11.0
2169,10.08.2015,11.0
2170,07.08.2015,11.0
2171,06.08.2015,11.0
2172,05.08.2015,11.0
2173,04.08.2015,11.0
2174,03.08.2015,11.0
2175,31.07.2015,11.5
2176,30.07.2015,11.5
2177,29.07.2015,11.5
2178,28.07.2015,11.5
2179,27.07.2015,11.5
2180,24.07.2015,11.5
2181,23.07.2015,11.5
2182,22.07.2015,11.5
2183,21.07.2015,11.5
2184,20.07.2015,11.5
2185,17.07.2015,11.5
2186,16.07.2015,11.5
2187,15.07.2015,11.5
2188,14.07.2015,11.5
2189,13.07.2015,11.5
2190,10.07.2015,11.5
2191,09.07.2015,11.5
2192,08.07.2015,11.5
2193,07.07.2015,11.5
2194,06.07.2015,11.5
2195,03.07.2015,11.5
2196,02.07.2015,11.5
2197,01.07.2015,11.5
2198,30.06.2015,11.5
2199,29.06.2015,11.5
2200,26.06.2015,11.5
2201,25.06.2015,11.5
2202,24.06.2015,11.5
2203,23.06.2015,11.5
2204,22.06.2015,11.5
2205,19.06.2015,11.5
2206,18.06.2015,11.5
2207,17.06.2015,11.5
2208,16.06.2015,11.5
2209,15.06.2015,12.5
2210,11.06.2015,12.5
2211,10.06.2015,12.5
2212,09.06.2015,12.5
2213,08.06.2015,12.5
2214,05.06.2015,12.5
2215,04.06.2015,12.5
2216,03.06.2015,12.5
2217,02.06.2015,12.5
2218,01.06.2015,12.5
2219,29.05.2015,12.5
2220,28.05.2015,12.5
2221,27.05.2015,12.5
2222,26.05.2015,12.5
2223,25.05.2015,12.5
2224,22.05.2015,12.5
2225,21.05.2015,12.5
2226,20.05.2015,12.5
2227,19.05.2015,12.5
2228,18.05.2015,12.5
2229,15.05.2015,12.5
2230,14.05.2015,12.5
2231,13.05.2015,12.5
2232,12.05.2015,12.5
2233,08.05.2015,12.5
2234,07.05.2015,12.5
2235,06.05.2015,12.5
2236,05.05.2015,12.5
2237,01.05.2015,14.0
2238,30.04.2015,14.0
2239,29.04.2015,14.0
2240,28.04.2015,14.0
2241,27.04.2015,14.0
2242,24.04.2015,14.0
2243,23.04.2015,14.0
2244,22.04.2015,14.0
2245,21.04.2015,14.0
2246,20.04.2015,14.0
2247,17.04.2015,14.0
2248,16.04.2015,14.0
2249,15.04.2015,14.0
2250,14.04.2015,14.0
2251,13.04.2015,14.0
2252,10.04.2015,14.0
2253,09.04.2015,14.0
2254,08.04.2015,14.0
2255,07.04.2015,14.0
2256,06.04.2015,14.0
2257,03.04.2015,14.0
2258,02.04.2015,14.0
2259,01.04.2015,14.0
2260,31.03.2015,14.0
2261,30.03.2015,14.0
2262,27.03.2015,14.0
2263,26.03.2015,14.0
2264,25.03.2015,14.0
2265,24.03.2015,14.0
2266,23.03.2015,14.0
2267,20.03.2015,14.0
2268,19.03.2015,14.0
2269,18.03.2015,14.0
2270,17.03.2015,14.0
2271,16.03.2015,14.0
2272,13.03.2015,15.0
2273,12.03.2015,15.0
2274,11.03.2015,15.0
2275,10.03.2015,15.0
2276,06.03.2015,15.0
2277,05.03.2015,15.0
2278,04.03.2015,15.0
2279,03.03.2015,15.0
2280,02.03.2015,15.0
2281,27.02.2015,15.0
2282,26.02.2015,15.0
2283,25.02.2015,15.0
2284,24.02.2015,15.0
2285,20.02.2015,15.0
2286,19.02.2015,15.0
2287,18.02.2015,15.0
2288,17.02.2015,15.0
2289,16.02.2015,15.0
2290,13.02.2015,15.0
2291,12.02.2015,15.0
2292,11.02.2015,15.0
2293,10.02.2015,15.0
2294,09.02.2015,15.0
2295,06.02.2015,15.0
2296,05.02.2015,15.0
2297,04.02.2015,15.0
2298,03.02.2015,15.0
2299,02.02.2015,15.0
2300,30.01.2015,17.0
2301,29.01.2015,17.0
2302,28.01.2015,17.0
2303,27.01.2015,17.0
2304,26.01.2015,17.0
2305,23.01.2015,17.0
2306,22.01.2015,17.0
2307,21.01.2015,17.0
2308,20.01.2015,17.0
2309,19.01.2015,17.0
2310,16.01.2015,17.0
2311,15.01.2015,17.0
2312,14.01.2015,17.0
2313,13.01.2015,17.0
2314,12.01.2015,17.0
2315,31.12.2014,17.0
2316,30.12.2014,17.0
2317,29.12.2014,17.0
2318,26.12.2014,17.0
2319,25.12.2014,17.0
2320,24.12.2014,17.0
2321,23.12.2014,17.0
2322,22.12.2014,17.0
2323,19.12.2014,17.0
2324,18.12.2014,17.0
2325,17.12.2014,17.0
2326,16.12.2014,17.0
2327,15.12.2014,10.5
2328,12.12.2014,10.5
2329,11.12.2014,9.5
2330,10.12.2014,9.5
2331,09.12.2014,9.5
2332,08.12.2014,9.5
2333,05.12.2014,9.5
2334,04.12.2014,9.5
2335,03.12.2014,9.5
2336,02.12.2014,9.5
2337,01.12.2014,9.5
2338,28.11.2014,9.5
2339,27.11.2014,9.5
2340,26.11.2014,9.5
2341,25.11.2014,9.5
2342,24.11.2014,9.5
2343,21.11.2014,9.5
2344,20.11.2014,9.5
2345,19.11.2014,9.5
2346,18.11.2014,9.5
2347,17.11.2014,9.5
2348,14.11.2014,9.5
2349,13.11.2014,9.5
2350,12.11.2014,9.5
2351,11.11.2014,9.5
2352,10.11.2014,9.5
2353,07.11.2014,9.5
2354,06.11.2014,9.5
2355,05.11.2014,9.5
2356,31.10.2014,8.0
2357,30.10.2014,8.0
2358,29.10.2014,8.0
2359,28.10.2014,8.0
2360,27.10.2014,8.0
2361,24.10.2014,8.0
2362,23.10.2014,8.0
2363,22.10.2014,8.0
2364,21.10.2014,8.0
2365,20.10.2014,8.0
2366,17.10.2014,8.0
2367,16.10.2014,8.0
2368,15.10.2014,8.0
2369,14.10.2014,8.0
2370,13.10.2014,8.0
2371,10.10.2014,8.0
2372,09.10.2014,8.0
2373,08.10.2014,8.0
2374,07.10.2014,8.0
2375,06.10.2014,8.0
2376,03.10.2014,8.0
2377,02.10.2014,8.0
2378,01.10.2014,8.0
2379,30.09.2014,8.0
2380,29.09.2014,8.0
2381,26.09.2014,8.0
2382,25.09.2014,8.0
2383,24.09.2014,8.0
2384,23.09.2014,8.0
2385,22.09.2014,8.0
2386,19.09.2014,8.0
2387,18.09.2014,8.0
2388,17.09.2014,8.0
2389,16.09.2014,8.0
2390,15.09.2014,8.0
2391,12.09.2014,8.0
2392,11.09.2014,8.0
2393,10.09.2014,8.0
2394,09.09.2014,8.0
2395,08.09.2014,8.0
2396,05.09.2014,8.0
2397,04.09.2014,8.0
2398,03.09.2014,8.0
2399,02.09.2014,8.0
2400,01.09.2014,8.0
2401,29.08.2014,8.0
2402,28.08.2014,8.0
2403,27.08.2014,8.0
2404,26.08.2014,8.0
2405,25.08.2014,8.0
2406,22.08.2014,8.0
2407,21.08.2014,8.0
2408,20.08.2014,8.0
2409,19.08.2014,8.0
2410,18.08.2014,8.0
2411,15.08.2014,8.0
2412,14.08.2014,8.0
2413,13.08.2014,8.0
2414,12.08.2014,8.0
2415,11.08.2014,8.0
2416,08.08.2014,8.0
2417,07.08.2014,8.0
2418,06.08.2014,8.0
2419,05.08.2014,8.0
2420,04.08.2014,8.0
2421,01.08.2014,8.0
2422,31.07.2014,8.0
2423,30.07.2014,8.0
2424,29.07.2014,8.0
2425,28.07.2014,8.0
2426,25.07.2014,7.5
2427,24.07.2014,7.5
2428,23.07.2014,7.5
2429,22.07.2014,7.5
2430,21.07.2014,7.5
2431,18.07.2014,7.5
2432,17.07.2014,7.5
2433,16.07.2014,7.5
2434,15.07.2014,7.5
2435,14.07.2014,7.5
2436,11.07.2014,7.5
2437,10.07.2014,7.5
2438,09.07.2014,7.5
2439,08.07.2014,7.5
2440,07.07.2014,7.5
2441,04.07.2014,7.5
2442,03.07.2014,7.5
2443,02.07.2014,7.5
2444,01.07.2014,7.5
2445,30.06.2014,7.5
2446,27.06.2014,7.5
2447,26.06.2014,7.5
2448,25.06.2014,7.5
2449,24.06.2014,7.5
2450,23.06.2014,7.5
2451,20.06.2014,7.5
2452,19.06.2014,7.5
2453,18.06.2014,7.5
2454,17.06.2014,7.5
2455,16.06.2014,7.5
2456,11.06.2014,7.5
2457,10.06.2014,7.5
2458,09.06.2014,7.5
2459,06.06.2014,7.5
2460,05.06.2014,7.5
2461,04.06.2014,7.5
2462,03.06.2014,7.5
2463,02.06.2014,7.5
2464,30.05.2014,7.5
2465,29.05.2014,7.5
2466,28.05.2014,7.5
2467,27.05.2014,7.5
2468,26.05.2014,7.5
2469,23.05.2014,7.5
2470,22.05.2014,7.5
2471,21.05.2014,7.5
2472,20.05.2014,7.5
2473,19.05.2014,7.5
2474,16.05.2014,7.5
2475,15.05.2014,7.5
2476,14.05.2014,7.5
2477,13.05.2014,7.5
2478,12.05.2014,7.5
2479,08.05.2014,7.5
2480,07.05.2014,7.5
2481,06.05.2014,7.5
2482,05.05.2014,7.5
2483,30.04.2014,7.5
2484,29.04.2014,7.5
2485,28.04.2014,7.5
2486,25.04.2014,7.0
2487,24.04.2014,7.0
2488,23.04.2014,7.0
2489,22.04.2014,7.0
2490,21.04.2014,7.0
2491,18.04.2014,7.0
2492,17.04.2014,7.0
2493,16.04.2014,7.0
2494,15.04.2014,7.0
2495,14.04.2014,7.0
2496,11.04.2014,7.0
2497,10.04.2014,7.0
2498,09.04.2014,7.0
2499,08.04.2014,7.0
2500,07.04.2014,7.0
2501,04.04.2014,7.0
2502,03.04.2014,7.0
2503,02.04.2014,7.0
2504,01.04.2014,7.0
2505,31.03.2014,7.0
2506,28.03.2014,7.0
2507,27.03.2014,7.0
2508,26.03.2014,7.0
2509,25.03.2014,7.0
2510,24.03.2014,7.0
2511,21.03.2014,7.0
2512,20.03.2014,7.0
2513,19.03.2014,7.0
2514,18.03.2014,7.0
2515,17.03.2014,7.0
2516,14.03.2014,7.0
2517,13.03.2014,7.0
2518,12.03.2014,7.0
2519,11.03.2014,7.0
2520,07.03.2014,7.0
2521,06.03.2014,7.0
2522,05.03.2014,7.0
2523,04.03.2014,7.0
2524,03.03.2014,7.0
2525,28.02.2014,5.5
2526,27.02.2014,5.5
2527,26.02.2014,5.5
2528,25.02.2014,5.5
2529,24.02.2014,5.5
2530,21.02.2014,5.5
2531,20.02.2014,5.5
2532,19.02.2014,5.5
2533,18.02.2014,5.5
2534,17.02.2014,5.5
2535,14.02.2014,5.5
2536,13.02.2014,5.5
2537,12.02.2014,5.5
2538,11.02.2014,5.5
2539,10.02.2014,5.5
2540,07.02.2014,5.5
2541,06.02.2014,5.5
2542,05.02.2014,5.5
2543,04.02.2014,5.5
2544,03.02.2014,5.5
2545,31.01.2014,5.5
2546,30.01.2014,5.5
2547,29.01.2014,5.5
2548,28.01.2014,5.5
2549,27.01.2014,5.5
2550,24.01.2014,5.5
2551,23.01.2014,5.5
2552,22.01.2014,5.5
2553,21.01.2014,5.5
2554,20.01.2014,5.5
2555,17.01.2014,5.5
2556,16.01.2014,5.5
2557,15.01.2014,5.5
2558,14.01.2014,5.5
2559,13.01.2014,5.5
2560,10.01.2014,5.5
2561,09.01.2014,5.5
2562,31.12.2013,5.5
2563,30.12.2013,5.5
2564,27.12.2013,5.5
2565,26.12.2013,5.5
2566,25.12.2013,5.5
2567,24.12.2013,5.5
2568,23.12.2013,5.5
2569,20.12.2013,5.5
2570,19.12.2013,5.5
2571,18.12.2013,5.5
2572,17.12.2013,5.5
2573,16.12.2013,5.5
2574,13.12.2013,5.5
2575,12.12.2013,5.5
2576,11.12.2013,5.5
2577,10.12.2013,5.5
2578,09.12.2013,5.5
2579,06.12.2013,5.5
2580,05.12.2013,5.5
2581,04.12.2013,5.5
2582,03.12.2013,5.5
2583,02.12.2013,5.5
2584,29.11.2013,5.5
2585,28.11.2013,5.5
2586,27.11.2013,5.5
2587,26.11.2013,5.5
2588,25.11.2013,5.5
2589,22.11.2013,5.5
2590,21.11.2013,5.5
2591,20.11.2013,5.5
2592,19.11.2013,5.5
2593,18.11.2013,5.5
2594,15.11.2013,5.5
2595,14.11.2013,5.5
2596,13.11.2013,5.5
2597,12.11.2013,5.5
2598,11.11.2013,5.5
2599,08.11.2013,5.5
2600,07.11.2013,5.5
2601,06.11.2013,5.5
2602,05.11.2013,5.5
2603,01.11.2013,5.5
2604,31.10.2013,5.5
2605,30.10.2013,5.5
2606,29.10.2013,5.5
2607,28.10.2013,5.5
2608,25.10.2013,5.5
2609,24.10.2013,5.5
2610,23.10.2013,5.5
2611,22.10.2013,5.5
2612,21.10.2013,5.5
2613,18.10.2013,5.5
2614,17.10.2013,5.5
2615,16.10.2013,5.5
2616,15.10.2013,5.5
2617,14.10.2013,5.5
2618,11.10.2013,5.5
2619,10.10.2013,5.5
2620,09.10.2013,5.5
2621,08.10.2013,5.5
2622,07.10.2013,5.5
2623,04.10.2013,5.5
2624,03.10.2013,5.5
2625,02.10.2013,5.5
2626,01.10.2013,5.5
2627,30.09.2013,5.5
2628,27.09.2013,5.5
2629,26.09.2013,5.5
2630,25.09.2013,5.5
2631,24.09.2013,5.5
2632,23.09.2013,5.5
2633,20.09.2013,5.5
2634,19.09.2013,5.5
2635,18.09.2013,5.5
2636,17.09.2013,5.5
